﻿{"cameraMode":{"drawMode":0,"name":"Shaded","section":"Shading Mode"},"sceneLighting":true,"audioPlay":false,"sceneViewState":{"showFog":true,"showMaterialUpdate":false,"showSkybox":true,"showFlares":true,"showImageEffects":true,"showParticleSystems":true},"in2DMode":false,"pivot":{"x":-2.7459208965301515,"y":-0.8862113952636719,"z":4.037868976593018},"rotation":{"x":0.19160707294940949,"y":-0.2656412422657013,"z":0.05395825207233429,"w":0.9432979226112366},"size":10.733864784240723,"orthographic":false}